id,date_proposed,date_opened,date_closed,taken,ticker,creator,structure,strike,expiry,dte,contracts,spot_at_idea,premium_per_share,credit_or_debit,capital_at_risk,exp_roc_pct,exp_weekly_pct,exp_acct_pct,max_loss_pct,status,realized_pnl,realized_roc_pct,realized_acct_pct,invalidation,notes,paper_status,paper_pnl,paper_roc_pct,paper_acct_pct,live_stock,live_option_mid,mtm_asof,source_group,inventory_id,confidence,confidence_reason
1,2026-08-13,,,proposed,HIMS,both,CSP,29,2026-08-28,15,2,28.69,1.45,290,5800,0.05,0.0233,0.0116,1,proposed,,,,daily close under $27.50,"Sell 2x Aug28 29 put. If OTM expire keep $290. If assigned, 200 sh at $27.55 then wheel CC.",invalidated,-32,-0.005517,-0.00064,29.42,0.21,2026-09-25 13:00:00 PT,tracker-only,tracker-only-1,,
2,2026-08-13,,,proposed,IREN,TLI+Danny,stock+CC,,2026-08-28,15,1,48,,,4800,,,,,proposed,,,,lose $46 as support,"Buy 100 sh into MSFT/NVDA pop, sell aggressive Aug28 OTM call. Call premium TBD at Fidelity fill.",invalidated,-324,-0.0675,-0.00648,44.125,,2026-09-25 13:30:31 PT,tracker-only,tracker-only-2,,
3,2026-08-13,,,proposed,NFLX,TLI,long call,,2026-08-28,15,,77.25,,,6250,,,,1,proposed,,,,$75 fails as support,"CSP does not fit $6250 cap. Long Aug28 OTM calls, debit cap $6250. Premium TBD at fill. Max loss = 100% of debit.",expired,,,,71.145,,2026-09-25 13:00:00 PT,tracker-only,tracker-only-3,,
4,2026-08-13,,,proposed,ABCL,Danny,CSP,10,2026-08-28,15,4,10.53,,,4000,,,,1,proposed,,,,weekly close under $9.31,Sell 4x Aug28 10 put. RSI stretched so sized under max. Premium TBD at fill.,expired,,,,12.65,,2026-09-24 13:18:43 PT,tracker-only,tracker-only-4,,
5,2026-08-14,,2026-08-21,proposed,OPEN,TLI,stock+CC,3.5,2026-08-21,7,5,3.625,0.21,105,1812.5,0.058,0.058,0.0042,,proposed,,,,200 WMA fails / TLI $2.68,Noon 8/14 KEEP sized to 5 lots not 17. Sell Aug21 3.50c bid 0.21. If called ~2.3% ROC.,expired,40.0,0.022039,0.0008,2.53,,2026-10-05T07:32:07-07:00,emailed,2026-08-14-noon-OPEN,Medium,"Single-feed TLI CC at the printed 200 WMA / $2.68 zone, sized under the cap."
6,2026-08-14,,2026-08-21,proposed,GRAB,TLI,stock+CC,3.5,2026-08-21,7,5,3.615,0.17,85,1807.5,0.047,0.047,0.0034,,proposed,,,,lose reclaim / bottom trendline,Noon 8/14 KEEP 5 lots. Sell Aug21 3.50c bid 0.17. If called ~1.5% ROC.,expired,15.0,0.008287,0.0003,3.11,0.0,2026-10-05T07:32:07-07:00,emailed,2026-08-14-noon-GRAB,Medium,"Single-feed TLI CC at the reclaim / bottom-trendline zone, sized under the cap."
7,2026-08-14,,2026-08-21,proposed,ZETA,TLI+Danny,CSP,28,2026-08-21,7,1,29.23,0.33,33,2800,0.0118,0.0118,0.0013,1,proposed,,,,Danny daily close <$20.29,Noon 8/14 KEEP. Sell Aug21 28p bid 0.33. If assigned basis 27.67; do not avg up vs TLI $26 only-add.,expired,33.0,0.011786,0.00066,29.57,,2026-10-05T07:32:07-07:00,emailed,2026-08-14-noon-ZETA,Medium,"TLI+Danny overlap but not at the TLI $26 add zone — put sold above, do not buy shares."
8,2026-08-14,,2026-08-21,proposed,IREN,Danny+TLI,stock+CC,45,2026-08-21,7,1,44.03,1.72,172,4403,0.0391,0.0391,0.0069,,proposed,,,,daily close under $41,Noon 8/14 KEEP 1 lot. Sell Aug21 45c bid 1.72. If called 6.1% ROC / 1.08% acct. Expires before 8/27 earnings.,expired,-43.0,-0.009766,-0.00086,44.125,0.0,2026-10-05T07:32:07-07:00,emailed,2026-08-14-noon-IREN,Medium,"TLI and Danny overlap but extended vs the $41 support, so not High."
9,2026-08-17,,2026-08-17,no,LULU,TLI,long call,120,2026-08-21,4,2,118.72,2.65,530,530,0.8868,1.5519,0.0188,1,out,,,,daily close under Friday low $117.95,Mon pre-open KEEP. Buy 2x Aug21 120c at CBOE ask 2.65. BE 122.65. Target $125 (analyst avg 127.92): +$470. Yahoo earnings est Sep 3 so Aug 21 is clean. Skip if it loses 117.95 on the open. Midday 8/17 OUT. Spot ~$115.49 under $117.95 kill.,out,-298.0,-0.562264,-0.00596,101.3,1.16,2026-10-05T07:32:07-07:00,emailed,2026-08-17-AM-LULU,Low,Long call with only 4 days to expiry.
10,2026-08-17,,2026-08-21,proposed,NFLX,TLI+Danny,long call,79,2026-08-21,4,5,78.29,0.93,465,465,2.2258,3.8952,0.0414,1,proposed,,,,daily close <$75 or weekly close <$73.57,"Mon pre-open KEEP. Buy 5x Aug21 79c at CBOE ask 0.93. ChartEx PM 78.29, still at top of Danny 75-78. Do not chase if it rips through 79 first. Target $82: +$1035.",expired,-170.0,-0.365591,-0.0034,71.145,,2026-10-05T07:32:07-07:00,emailed,2026-08-17-AM-NFLX,Medium,"Cap-correct long-call structure at the Danny 75–78 zone (CSP does not fit $6,250)."
11,2026-08-17,,2026-08-21,proposed,OSCR,TLI+Danny,stock+CC,33,2026-08-21,4,1,32.53,0.78,78,3253,0.024,0.042,0.0031,,proposed,,,,daily close <$27.08,"Mon pre-open KEEP 1 lot. Buy 100 sh ~32.53, sell Aug21 33c at CBOE bid 0.78. Expire 2.4% ROC. Called ~3.8% ROC / 0.50% acct. Caps Danny $33.27 validation on purpose. Do not add if weak.",expired,29.0,0.008915,0.00058,29.6,0.0,2026-10-05T07:32:07-07:00,emailed,2026-08-17-AM-OSCR,High,"TLI and Danny overlap at a stated zone, 100sh under the $6,250 cap."
12,2026-08-17,,2026-08-21,proposed,NVO,Stocktimus,stock+CC,45,2026-08-21,4,1,44.79,0.59,59,4479,0.0132,0.0231,0.0024,,proposed,,,,daily close under $41.53,"Mon midday email. Buy 100 sh ~44.79, sell Aug21 45c credit 0.59. Expire 1.3% ROC. Called 1.8% ROC.",expired,80.0,0.017861,0.0016,38.8,,2026-10-05T07:32:07-07:00,emailed,2026-08-17-noon-NVO,Medium,"Single-feed Stocktimus CC at the printed $41.53 zone, 100sh under the cap."
13,2026-08-17,,2026-08-21,proposed,GRRR,TLI,CSP,14,2026-08-21,4,1,16.03,0.4,40,1400,0.0286,0.05,0.0016,1,proposed,,,,daily close under $13.50,Mon midday email. Sell 1x Aug21 14p credit 0.40. If assigned basis ~13.60. Morning cut was earnings; Stocktimus ticketed it after the print.,expired,40.0,0.028571,0.0008,14.01,,2026-10-05T07:32:07-07:00,emailed,2026-08-17-noon-GRRR,Medium,"Single-feed TLI CSP at the printed $13.50 buy zone, under the cap."
14,2026-08-17,,2026-08-21,proposed,CSIQ,Lucas,stock+CC,15,2026-08-21,4,1,14.79,0.4,40,1479,0.027,0.0473,0.0016,,proposed,,,,daily close under $14,"Mon midday email. Buy 100 sh ~14.79, sell Aug21 15c credit 0.40. Expire 2.7% ROC. Called 4.1% ROC. Thu 8/20 midday: ~$14.54, out if close under $14.",expired,16.0,0.010818,0.00032,10.95,0.0,2026-10-05T07:32:07-07:00,emailed,2026-08-17-noon-CSIQ,Medium,"Single-feed Lucas CC at the printed $14 zone, 100sh under the cap."
15,2026-08-18,,2026-08-28,proposed,DRAM,Stocktimus,CSP,55,2026-08-28,10,1,55,0.89,89,5500,0.0162,0.0113,0.0036,1,proposed,,,,daily close under $52.65,Tue 8/18 pre-open email. Sell 1x Aug28 55p credit 0.89. If assigned basis ~54.11.,expired,89.0,0.016182,0.00178,61.91,,2026-10-05T07:32:07-07:00,emailed,2026-08-18-AM-DRAM,Medium,"Single-feed CSP at the stated Danny $50–56 zone, one lot under the cap."
16,2026-08-18,,2026-08-21,proposed,NKE,Stocktimus,stock+CC,39.5,2026-08-21,3,1,39.57,0.41,41,3957,0.0104,0.0242,0.0016,,proposed,,,,daily close under $38,"Tue 8/18 pre-open email. Buy 100 sh ~39.57, sell Aug21 39.50c credit 0.41. Expire 1.0% ROC.",expired,34.0,0.008592,0.00068,35.75,,2026-10-05T07:32:07-07:00,emailed,2026-08-18-AM-NKE,Medium,"Single-feed Stocktimus CC at the printed $38 zone, 100sh under the cap."
17,2026-08-18,,2026-08-21,proposed,ZETA,Stocktimus,stock+CC,29,2026-08-21,3,1,28.82,0.65,65,2882,0.0226,0.0526,0.0026,,proposed,,,,daily close under $26.50,"Tue 8/18 pre-open email. Buy 100 sh ~28.82, sell Aug21 29c credit 0.65. Expire 2.3% / called 2.8%.",expired,82.0,0.028443,0.00164,29.57,,2026-10-05T07:32:07-07:00,emailed,2026-08-18-AM-ZETA,Medium,"Single-feed Stocktimus CC at the printed $26.50 zone, 100sh under the cap."
18,2026-08-18,,2026-08-21,proposed,IREN,Stocktimus,stock+CC,44,2026-08-21,3,1,43.28,2.2,220,4328,0.0508,0.1186,0.0088,,proposed,,,,daily close under $41.70,"Tue 8/18 pre-open email. Buy 100 sh ~43.28, sell Aug21 44c credit 2.20. Expire 5.1% ROC. Midday 8/18 still live at $41.84; kill is close under $41.70. Wed 8/19: closed $42.00, held $41.70. New overlay is Aug21 42.50c.",expired,80.0,0.018484,0.0016,44.125,0.0,2026-10-05T07:32:07-07:00,emailed,2026-08-18-AM-IREN,Medium,"IREN overlay at the $41.70 support, single feed, 100sh under the cap."
19,2026-08-18,,2026-08-21,proposed,ADUR,TLI,stock+CC,15,2026-08-21,3,1,15.45,0.75,75,1545,0.0485,0.1132,0.003,,proposed,,,,daily close under $15,"Tue 8/18 midday email. TLI hold $15. Buy 100 sh ~15.45, sell Aug21 15c credit 0.75. Expire 4.9% ROC.",expired,30.0,0.019417,0.0006,12.56,,2026-10-05T07:32:07-07:00,emailed,2026-08-18-noon-ADUR,Medium,"Single-feed TLI CC at the printed $15 hold, 100sh under the cap."
20,2026-08-18,,2026-08-21,proposed,OWL,Stocktimus,stock+CC,11.5,2026-08-21,3,1,11.69,0.25,25,1169,0.0214,0.0499,0.001,,proposed,,,,daily close under $10,"Tue 8/18 midday email. Buy 100 sh ~11.69, sell Aug21 11.50c credit 0.25. Expire 2.1% ROC.",expired,6.0,0.005133,0.00012,9.32,,2026-10-05T07:32:07-07:00,emailed,2026-08-18-noon-OWL,Low,No real buy/support zone — only a loose $10 kill far under spot.
21,2026-08-19,,2026-08-21,proposed,IREN,Stocktimus,stock+CC,42.5,2026-08-21,2,1,42,1.42,142,4200,0.033,0.1155,0.0057,,proposed,,,,daily close under $41.70,"Wed 8/19 pre-open email. If still long IREN shares, sell Aug21 42.50c credit 1.17. 2.8% if expires. Overlay vs Tue 44c ticket. Midday 8/19: tagged $39.48 (under $41.70 kill intraday). Same ticket still listed. Thu 8/20 email: same overlay, credit now ~1.42 / $142 (3.3%). Kill still close under $41.70. Midday 8/20: if no call sold, use Aug21 $42c instead. Day low $41.11.",expired,57.0,0.013418,0.00114,44.125,0.0,2026-10-05T07:32:07-07:00,emailed,2026-08-19-AM-IREN-4250c,Medium,"IREN overlay at the $41.70 support, single feed, under the cap."
22,2026-08-19,,2026-08-28,proposed,NVO,TLI,CSP,45.5,2026-08-28,9,1,45.5,0.73,73,4550,0.016,0.0125,0.0029,1,proposed,,,,daily close under $41.53,Wed 8/19 pre-open email. TLI buy zone below 45.46. Sell 1x Aug28 45.50p credit 0.73. Skip if already long NVO from Mon midday stock+CC.,expired,73.0,0.016044,0.00146,38.8,,2026-10-05T07:32:07-07:00,emailed,2026-08-19-AM-NVO-CSP,Medium,"Single-feed TLI CSP at the printed buy zone below $45.46, under the cap."
23,2026-08-19,,2026-08-28,proposed,PFE,TLI,stock+CC,28.5,2026-08-28,9,1,28.3,0.32,32,2830,0.0113,0.0088,0.0013,,proposed,,,,daily close under $27,"Wed 8/19 midday email. TLI safe haven, needs >$28.77. Buy 100 sh ~28.30, sell Aug28 28.50c credit 0.32. Expire 1.1% ROC. Thu 8/20: if not taken, superseded by Aug28 $28c.",expired,-2.0,-0.000707,-4e-05,28.41,0.0,2026-10-05T07:32:07-07:00,emailed,2026-08-19-noon-PFE,Medium,"Single-feed TLI CC at the safe-haven zone, 100sh under the cap."
24,2026-08-20,,2026-08-28,proposed,PFE,TLI,stock+CC,28,2026-08-28,8,1,28.02,0.4,40,2802,0.0143,0.0125,0.0016,,proposed,,,,daily close under $27,"Thu 8/20 pre-open email. If Wed 28.50c not taken: buy 100 sh ~27.97, sell Aug28 28c credit 0.55. Expire 2.0% ROC. Midday 8/20: still not taken; credit now ~0.40 / $40 (1.4%).",expired,54.0,0.019306,0.00108,28.41,0.0,2026-10-05T07:32:07-07:00,emailed,2026-08-20-AM-PFE,Medium,"Single-feed TLI CC alternative at the same $27 zone, 100sh under the cap."
25,2026-08-13,,2026-08-18,proposed,HIMS,Stocktimus,stock+CC,30,2026-08-21,8,1,29.35,0.83,83,2935,0.028279,,0.00332,,proposed,,,,daily close under $27.50,Aug 13 noon Stocktimus email (was missing from CSV). Gmail send_message L247 subject 'Daily stock signals — Aug 13 (trade ideas)'; also chat SendMessage L174 ~2.8% in 8 days (if expires); ~5.0% if called at $30. Weekly % not printed.,invalidated,-113.0,-0.038501,-0.00226,29.42,,2026-10-05T07:32:07-07:00,emailed,2026-08-13-noon-HIMS,Medium,"Single-feed Stocktimus CC at the printed $27.50 zone, 100sh under the cap."
26,2026-08-13,,2026-08-21,proposed,JD,Stocktimus,stock+CC,30,2026-08-21,8,1,29.35,0.28,28,2935,0.00954,,0.00112,,proposed,,,,,Aug 13 noon Stocktimus email (was missing from CSV). Gmail send_message L247; chat L174 ~1.0% if expires; ~3.2% if called at $30,expired,30.0,0.010221,0.0006,26.75,0.0,2026-10-05T07:32:07-07:00,emailed,2026-08-13-noon-JD,Medium,Single-feed Stocktimus CC under the cap at a printed idea.
27,2026-08-13,,2026-08-21,proposed,IREN,Stocktimus,stock+CC,45,2026-08-21,8,1,44.48,2.04,204,4448,0.045863,,0.00816,,proposed,,,,,Aug 13 noon Stocktimus email (was missing from CSV). Gmail send_message L247; chat L174 ~4.6% if expires; ~5.8% if called at $45,expired,-56.0,-0.01259,-0.00112,44.125,0.0,2026-10-05T07:32:07-07:00,emailed,2026-08-13-noon-IREN,Medium,"First IREN CC is Stocktimus-only with no printed support, so not High; 100sh under the cap."
28,2026-08-13,,2026-08-21,proposed,ASTS,Stocktimus,CSP,70,2026-08-21,8,1,71.97,2.31,231,7000,0.033,,0.00924,,proposed,,,,,"Aug 13 noon Stocktimus email (was missing from CSV). Gmail send_message L247; chat L174. Email said if picking two: HIMS CC and ASTS $70 put. ~3.3% on the $7,000 cash if expires",expired,96.0,0.013714,0.00192,61.06,,2026-10-05T07:32:07-07:00,emailed,2026-08-13-noon-ASTS,Low,"Conflicted name and $7,000 cash over the $6,250 cap."
29,2026-08-20,,2026-08-21,proposed,IREN,Stocktimus,stock+CC,42,2026-08-21,1,1,41.7,0.59,59,4170,0.0141,0.099,0.0024,,proposed,,,,daily close under $41.70,Thu 8/20 midday email. If no 42.50c sold and close holds 41.70: sell Aug21 42c credit 0.59. 1.4% if expires. Day low $41.11.,expired,77.0,0.018465,0.00154,44.125,0.0,2026-10-05T07:32:07-07:00,emailed,2026-08-20-noon-IREN-42c,Medium,"IREN overlay at the $41.70 support, single feed, 100sh under the cap."
30,2026-08-21,,2026-08-28,proposed,OSCR,Stocktimus,stock+CC,32,2026-08-28,7,1,31.54,1.06,106,3154,0.0336,0.0336,0.0042,,proposed,,,,daily close under $28,"Fri 8/21 pre-open email. Buy 100 sh ~31.54, sell Aug28 32c credit 1.06. Expire 3.4%/wk. Medium.",expired,-1.0,-0.000317,-2e-05,29.6,0.0,2026-10-05T07:32:07-07:00,emailed,2026-08-21-AM-OSCR,Medium,"Danny ribbon + TLI still likes OSCR; stock under $32-33 resistance, not in $28-30 zone."
31,2026-08-21,,2026-08-28,proposed,JD,Stocktimus,stock+CC,30,2026-08-28,7,1,29.41,0.32,32,2941,0.0109,0.0109,0.0013,,proposed,,,,daily close under $27.94,"Fri 8/21 pre-open email. Buy 100 sh ~29.41, sell Aug28 30c credit 0.32. Expire 1.1%/wk. Medium.",expired,-35.0,-0.011901,-0.0007,26.75,0.0,2026-10-05T07:32:07-07:00,emailed,2026-08-21-AM-JD,Medium,TLI buy zone at the 0.618. Single feed.
32,2026-08-21,,2026-09-18,proposed,CLMT,Stocktimus,stock+CC,49,2026-09-18,28,1,48.49,2.75,275,4849,0.0672,0.0168,0.011,,proposed,,,,,"Fri 8/21 pre-open email. Buy 100 sh ~48.49, sell Sep18 49c credit 2.75. If called ~1.8%/wk. Medium. Previously skipped as quote too wide.",expired,326.0,0.06723,0.00652,53.65,,2026-10-05T07:32:07-07:00,emailed,2026-08-21-AM-CLMT,Medium,"Zero Sum hold. Next monthly, no weekly. Under cap."
33,2026-08-21,,2026-08-28,proposed,NVO,Stocktimus,stock+CC,47,2026-08-28,7,1,46.27,0.56,56,4627,0.0121,0.0121,0.0022,,proposed,,,,daily close under $44,"Fri 8/21 pre-open email. Buy 100 sh ~46.27, sell Aug28 47c credit 0.56. Expire 1.2%/wk. Medium. Skip if already long NVO.",expired,-10.0,-0.002161,-0.0002,38.8,0.0,2026-10-05T07:32:07-07:00,emailed,2026-08-21-AM-NVO,Medium,TLI Top 10 in the $46-47 dip. Next add $48.
34,2026-08-21,,2026-08-24,proposed,IREN,TLI,stock+CC,43,2026-08-28,7,1,41.28,2.2,220,4128,0.0533,0.0533,0.0088,,proposed,,,,daily close under $40.77,"Fri 8/21 midday email. TLI $40.77 retest. Buy 100 sh ~41.28, sell Aug28 43c credit 2.20. Expire 5.3%/wk. Medium.",invalidated,73.0,0.017684,0.00146,44.125,,2026-10-05T07:32:07-07:00,emailed,2026-08-21-noon-IREN,Medium,TLI at the $40.77 0.5 Fib retest. Single feed. Under the cap.
35,2026-08-21,,2026-08-28,proposed,PFE,Stocktimus,stock+CC,28,2026-08-28,7,1,27.98,0.32,32,2798,0.0114,0.0114,0.0013,,proposed,,,,daily close under $26.50,"Fri 8/21 midday email. Buy 100 sh ~27.98, sell Aug28 28c credit 0.32. Expire 1.1%/wk. Medium. Morning OSCR/JD/CLMT/NVO still stand; no second lots on NVO/CLMT.",expired,30.0,0.010722,0.0006,28.41,0.0,2026-10-05T07:32:07-07:00,emailed,2026-08-21-noon-PFE,Medium,TLI safe haven at $28 / $28.80 Wave 3 line. Single feed.
36,2026-08-24,,2026-08-28,proposed,CELH,TLI+Danny,stock+CC,34,2026-08-28,4,1,33.36,0.77,77,3336,0.0231,0.0404,0.0031,,proposed,,,,daily close under $32.50,"Mon 8/24 pre-open email. Danny weekly red + TLI Wave 3. Buy 100 sh ~33.36, sell Aug28 34c credit 0.77. Expire 2.3% ROC. Medium.",expired,39.0,0.011691,0.00078,28.43,0.0,2026-10-05T07:32:07-07:00,emailed,2026-08-24-AM-CELH,Medium,Danny weekly red candle + TLI Wave 3. Under the cap. Not a fresh dual add zone.
37,2026-08-24,,2026-08-28,proposed,OPEN,TLI,stock+CC,3.5,2026-08-28,4,1,3.53,0.13,13,353,0.0368,0.0645,0.0005,,proposed,,,,daily close under $3.20,"Mon 8/24 pre-open email. TLI buy under $5. Buy 100 sh ~3.53, sell Aug28 3.50c credit 0.13. Expire 3.7% ROC. Medium. 1 lot only.",expired,-11.0,-0.031161,-0.00022,2.53,0.0,2026-10-05T07:32:07-07:00,emailed,2026-08-24-AM-OPEN,Medium,TLI 200 WMA / buy under $5. Single feed.
38,2026-08-24,,2026-08-28,proposed,SOFI,Danny,stock+CC,19,2026-08-28,4,1,18.91,0.46,46,1891,0.0243,0.0426,0.0018,,proposed,,,,daily close under $17.70,"Mon 8/24 pre-open email. Danny red ribbon. Buy 100 sh ~18.91, sell Aug28 19c credit 0.46. Expire 2.4% ROC. Medium.",expired,-39.0,-0.020624,-0.00078,16.58,0.0,2026-10-05T07:32:07-07:00,emailed,2026-08-24-AM-SOFI,Medium,Danny red ribbon at the top of $15.9–18.8 support. Single feed.
39,2026-08-25,,2026-08-26,proposed,HIMS,TLI+Danny,stock+CC,32,2026-08-28,3,1,31.28,0.65,65,3128,0.0208,0.0485,0.0026,,proposed,,,,daily close under $30,"Tue 8/25 pre-open email. TLI $30-31 + Danny $30. Buy 100 sh ~31.28, sell Aug28 32c credit 0.65. Expire 2.1% ROC. High. Thu 8/27: Aug28 $32c is out. Replaced by Sep4 $30.50c.",invalidated,-80.0,-0.025575,-0.0016,29.42,,2026-10-05T07:32:07-07:00,emailed,2026-08-25-AM-HIMS,High,"TLI $30–31 and Danny $30 support, both at the zone, under the cap."
40,2026-08-25,,2026-08-27,proposed,ADUR,TLI,stock+CC,15,2026-09-18,24,1,15.24,1.5,150,1524,0.0984,0.0287,0.006,,proposed,,,,daily close under $15.15,"Tue 8/25 pre-open email. TLI Chemelot visit, no weekly. Buy 100 sh ~15.24, sell Sep18 15c credit 1.50. 2.8%/wk over the monthly. Medium.",invalidated,135.0,0.088583,0.0027,12.56,,2026-10-05T07:32:07-07:00,emailed,2026-08-25-AM-ADUR,Medium,"TLI 0.38 tests and Chemelot visit. Next monthly, no weekly. Single feed."
41,2026-08-25,,2026-08-28,proposed,RR,TLI,stock+CC,2,2026-08-28,3,1,1.97,0.08,8,197,0.0406,0.0948,0.0003,,proposed,,,,daily close under $1.80,"Tue 8/25 midday email. TLI wedge-break at $2. Buy 100 sh ~1.97, sell Aug28 2c credit 0.08. Expire 4.1% ROC. Medium.",expired,-6.0,-0.030457,-0.00012,1.64,0.0,2026-10-05T07:32:07-07:00,emailed,2026-08-25-noon-RR,Medium,TLI wedge-break entry at $2. Single feed. Under the cap.
42,2026-08-25,,2026-08-28,proposed,ONDS,TLI,stock+CC,8.5,2026-08-28,3,1,8.23,0.14,14,823,0.017,0.0397,0.0006,,proposed,,,,daily close under $8,"Tue 8/25 midday email. TLI third buy zone at $8. Buy 100 sh ~8.23, sell Aug28 8.50c credit 0.14. Expire 1.7% ROC. Medium.",expired,-19.0,-0.023086,-0.00038,7.64,0.0,2026-10-05T07:32:07-07:00,emailed,2026-08-25-noon-ONDS,Medium,TLI third buy zone at $8. Single feed.
43,2026-08-25,,2026-08-28,proposed,GRRR,TLI,stock+CC,14,2026-08-28,3,1,13.78,0.58,58,1378,0.0421,0.0982,0.0023,,proposed,,,,daily close under $13.55,"Tue 8/25 midday email. TLI hold / Wave 3 on the $13.55 add. Buy 100 sh ~13.78, sell Aug28 14c credit 0.58. Expire 4.2% ROC. Medium. Skip if already four live.",expired,80.0,0.058055,0.0016,14.01,,2026-10-05T07:32:07-07:00,emailed,2026-08-25-noon-GRRR,Medium,TLI hold / Wave 3 sitting on the $13.55 add. Single feed. Skip if already four live.
44,2026-08-26,,2026-09-04,proposed,IBRX,Danny,stock+CC,8.5,2026-09-04,9,1,8.19,0.29,29,819,0.0354,0.0275,0.0012,,proposed,,,,daily close under $7.68,"Wed 8/26 pre-open email. Danny IBRX daily at $8.23. Buy 100 sh ~8.19, sell Sep4 8.50c credit 0.29. 2.8%/wk. Medium.",expired,18.0,0.021978,0.00036,8.64,0.0,2026-10-05T07:32:07-07:00,emailed,2026-08-26-AM-IBRX,Medium,Danny daily at the $8.23 resume line. Single feed. Under the cap.
45,2026-08-26,,2026-09-18,proposed,ZVRA,TLI,stock+CC,12,2026-09-18,23,1,12.04,0.61,61,1204,0.0507,0.0154,0.0024,,proposed,,,,daily close under $11,"Wed 8/26 pre-open email. TLI triangle under $12.15. No weekly, next monthly. Buy 100 sh ~12.04, sell Sep18 12c credit 0.61. 1.5%/wk. Medium. Wide ask.",expired,18.0,0.01495,0.00036,11.04,0.0,2026-10-05T07:32:07-07:00,emailed,2026-08-26-AM-ZVRA,Medium,TLI triangle under the $12.15 50-DMA. Next monthly. Single feed.
46,2026-08-27,,2026-08-28,proposed,HIMS,TLI+Danny,stock+CC,30.5,2026-09-04,8,1,30.17,1.05,105,3017,0.0348,0.0304,0.0042,,proposed,,,,daily close under $29.70,"Thu 8/27 pre-open email. TLI $30 + Danny yellow. Buy 100 sh ~30.17, sell Sep4 30.50c credit 1.05. 3.0%/wk. High. New lot after Aug28 32c out. Fri 8/28: Danny invalid updated to $29.70 (was $29.62).",invalidated,-28.0,-0.009281,-0.00056,29.42,,2026-10-05T07:32:07-07:00,emailed,2026-08-27-AM-HIMS,High,"TLI $30 and Danny yellow, both at the zone, under the cap."
48,2026-08-27,,2026-09-04,proposed,KHC,TLI,stock+CC,25,2026-09-04,8,1,25.13,0.4,40,2513,0.0159,0.0139,0.0016,,proposed,,,,daily close under $24,"Thu 8/27 midday email. Medium. TLI safe-haven at $24 0.5 Fib / 50-WMA. Buy 100 sh ~25.13, sell Sep4 25c credit 0.40 (CBOE last; 0.21x0.45). 1.4%/wk on $2,513. Ex-div Sep4. One lot.",expired,12.0,0.004775,0.00024,23.86,0.0,2026-10-05T07:32:07-07:00,emailed,2026-08-27-noon-KHC,Medium,TLI safe-haven at the $24 0.5 Fib / 50-WMA. Single feed. Under the cap.
49,2026-08-28,,2026-09-04,proposed,ZETA,TLI+Danny,stock+CC,30,2026-09-04,7,1,29.77,1.22,122,2977,0.041,0.041,0.00488,,proposed,,,,daily close under $28.80,"Fri 8/28 pre-open email. High. TLI hold/flip $30 + Danny red candle expand $30.39 / inv $28.80. Buy 100 sh ~29.77, sell Sep4 30c credit 1.22 (CBOE last; 1.14x1.20). 4.1%/wk on $2,977. One lot.",expired,145.0,0.048707,0.0029,29.57,,2026-10-05T07:32:07-07:00,emailed,2026-08-28-AM-ZETA,High,"TLI hold/flip $30 and Danny red candle at $30 / invalid $28.80, both at the zone, under the cap."
50,2026-08-28,,2026-09-04,proposed,NVO,TLI,stock+CC,46,2026-09-04,7,1,46.21,1.06,106,4621,0.0229,0.0229,0.00424,,proposed,,,,daily close under $45,"Fri 8/28 pre-open email. Medium. TLI BUY ALERT @ $46. Buy 100 sh ~46.21, sell Sep4 46c credit 1.06 (CBOE last; 0.97x1.05). 2.3%/wk on $4,621. After Aug28 NVO lots expire. One lot.",expired,85.0,0.018394,0.0017,38.8,,2026-10-05T07:32:07-07:00,emailed,2026-08-28-AM-NVO,Medium,TLI BUY ALERT @ $46. Single feed. Under the cap.
51,2026-08-28,,2026-09-04,proposed,GRRR,TLI,stock+CC,15,2026-09-04,7,1,14.34,0.42,42,1434,0.0293,0.0293,0.00168,,proposed,,,,daily close under $13,"Fri 8/28 midday email. Medium. TLI range hold 200DMA/0.5Fib to amber $16.25. Buy 100 sh ~14.34, sell Sep4 15c credit 0.42 (CBOE last; 0.35x0.55). 2.9%/wk on $1,434. One lot.",expired,-13.0,-0.009066,-0.00026,14.01,0.0,2026-10-05T07:32:07-07:00,emailed,2026-08-28-noon-GRRR,Medium,TLI support-range hold (200-DMA / 0.5 Fib to amber $16.25). Single feed. Under the cap.
52,2026-08-31,,2026-09-11,proposed,SOFI,Danny,stock+CC,18,2026-09-11,11,1,17.87,0.51,51,1787,0.0285,0.0182,0.00204,,proposed,,,,daily close under $16.50,"Mon 8/31 morning email. Medium. Danny Stage 1 base $14-18. Buy 100 sh ~17.87, sell Sep11 18c credit 0.51 (CBOE last; 0.50x0.52). 1.8%/wk on $1,787. One lot.",expired,-4.0,-0.002238,-8e-05,16.58,0.0,2026-10-05T07:32:07-07:00,emailed,2026-08-31-AM-SOFI,Medium,"Danny Stage 1 base $14–$18, stock inside the base, under the cap. TLI still wants $25 — not overlap. One lot."
53,2026-08-31,,2026-09-11,proposed,OSCR,TLI+Danny,stock+CC,30,2026-09-11,11,1,29.93,1.31,131,2993,0.0438,0.0279,0.00524,,proposed,,,,daily close under $28,"Mon 8/31 morning email. Medium. Danny $28-30 support and TLI $28-30 healthy pullback (buy zone still $21-25). Buy 100 sh ~29.93, sell Sep11 30c credit 1.31 (CBOE last; 1.16x1.35). 2.8%/wk on $2,993. One lot.",expired,138.0,0.046108,0.00276,29.6,,2026-10-05T07:32:07-07:00,emailed,2026-08-31-AM-OSCR,Medium,"Danny nearby support $28–$30 and TLI $28–$30 healthy pullback, both at the hold range, under the cap. TLI's actual buy zone is still $21–$25, so this is not High. One lot."
54,2026-08-31,,2026-09-11,proposed,PFE,TLI,stock+CC,28,2026-09-11,11,1,28.23,0.4,40,2823,0.0142,0.009,0.0016,,proposed,,,,daily close under $27.45,"Mon 8/31 morning email. Medium. TLI bull-case $27.45 retest, +6.1% div. Buy 100 sh ~28.23, sell Sep11 28c credit 0.40 (CBOE last; 0.37x0.44). 0.9%/wk on $2,823. One lot.",expired,-11.0,-0.003897,-0.00022,28.41,0.0,2026-10-05T07:32:07-07:00,emailed,2026-08-31-AM-PFE,Medium,"TLI safe-haven retest of the bull-case line $27.45, +6.1% div, under the cap. Single feed. One lot."
55,2026-09-01,,2026-09-11,proposed,ONDS,Danny+TLI,stock+CC,7.5,2026-09-11,10,1,7.2,0.31,31,720,0.0431,0.0301,0.00124,,proposed,,,,daily close under $7.00,"Tue 9/1 morning email. High. TLI buy zone / $7 hold + Danny $7.20 support. Buy 100 sh ~7.20, sell Sep11 7.50c credit 0.31 (CBOE 0.25x0.37). 3.0%/wk on $720. One lot.",expired,34.0,0.047222,0.00068,7.64,0.0,2026-10-05T07:32:07-07:00,emailed,2026-09-01-AM-ONDS,High,TLI in the buy zone and wants $7 to hold; Danny support $6 / $6.60 / $7.20; under the cap. One lot.
56,2026-09-01,,2026-09-11,proposed,NOK,Danny,stock+CC,10,2026-09-11,10,1,9.83,0.38,38,983,0.0387,0.0271,0.00152,,proposed,,,,daily close under $8.70,"Tue 9/1 morning email. Medium. Danny $9.80 support. Buy 100 sh ~9.83, sell Sep11 10c credit 0.38 (CBOE 0.36x0.40). 2.7%/wk on $983. One lot.",expired,55.0,0.055951,0.0011,10.43,,2026-10-05T07:32:07-07:00,emailed,2026-09-01-AM-NOK,Medium,Danny $9.80 support (day low $9.82). Single feed. Under the cap. One lot.
57,2026-09-02,,2026-09-02,proposed,BABA,TLI,long call,113,2026-09-11,9,1,112.59,2.43,243,243,0.646,0.503,0.00628,1,proposed,,,,daily close under $112,Wed 9/2 morning email. Medium. TLI rotate-INTO + add zone $112–117. Buy 1 Sep11 113c debit 2.43 (CBOE 2.30x2.56). ~50%/wk if tags $117. One lot. Max loss 100% debit.,invalidated,-243.0,-1.0,-0.00486,109.74,,2026-10-05T07:32:07-07:00,emailed,2026-09-02-AM-BABA,Medium,TLI rotate-INTO + add zone $112–117; stock in the zone. Over the share cap so long call. One lot.
58,2026-09-02,,2026-09-08,proposed,UPS,TLI,long call,104,2026-09-11,9,1,103.08,1.055,106,106,2.791,2.171,0.01176,1,proposed,,,,daily close under $102,Wed 9/2 morning email. Medium. TLI 50 WMA $102 hold. Buy 1 Sep11 104c debit 1.055 (CBOE 0.91x1.20). ~217%/wk if tags $108. One lot. Max loss 100% debit.,invalidated,-106.0,-1.0,-0.00212,92.05,,2026-10-05T07:32:07-07:00,emailed,2026-09-02-AM-UPS,Medium,TLI holding 50 WMA $102 ~3 weeks; open/add; 6.2% div. Over the share cap so long call. One lot.
59,2026-09-02,,2026-09-11,proposed,QCOM,Danny,long call,167.5,2026-09-11,9,1,166.55,3.675,368,368,0.224,0.175,0.00332,1,proposed,,,,daily close under $162,Wed 9/2 morning email. Medium. Danny vol hole / red ribbon at $162 support. Buy 1 Sep11 167.50c debit 3.675 (CBOE 3.40x3.95). ~17.5%/wk if tags $172. One lot. Max loss 100% debit.,expired,1079.0,2.932065,0.02158,201.97,,2026-10-05T07:32:07-07:00,emailed,2026-09-02-AM-QCOM,Medium,Danny vol hole marked the low; bullish red ribbon; stock in the $162 support area. Over the share cap so long call. One lot.
64,2026-09-18,,2026-09-25,proposed,TOST,Stocktimus,stock+CC,30,2026-09-25,7,1,30.18,1.12,112,3018,0.037111,,0.00224,,proposed,,,,daily close under $29,Aug 13 noon Stocktimus email (was missing from CSV). Stocktimus morning email 0.0371,expired,94.0,0.031146,0.00188,30.6,0.89,2026-10-05T07:32:07-07:00,emailed,2026-09-18-AM-TOST,Medium,TLI ~$30 support (200DMA/0.5 Fib); stock at the zone. One lot under cap.
65,2026-09-18,,,proposed,SE,Stocktimus,stock+CC,100,2026-09-25,7,1,100.25,3.275,328,10025,0.032718,,0.00656,,proposed,,,,daily close under $97,Aug 13 noon Stocktimus email (was missing from CSV). Stocktimus morning email 0.0327,leftover_shares,70.5,0.007032,0.000282,97.68,0.0,2026-10-05T07:32:07-07:00,emailed,2026-09-18-AM-SE,Medium,TLI BUY ALERT $106; stock ~$100 under alert. One lot under $12.5k cap.
66,2026-09-18,,2026-09-28,proposed,BABA,Stocktimus,stock+CC,110,2026-09-25,7,1,112.08,4.275,428,11208,0.038187,,0.00856,,proposed,,,,daily close under $107,Aug 13 noon Stocktimus email (was missing from CSV). Stocktimus morning email 0.0381,out,193.5,0.017264,0.000774,109.735,0.0,2026-10-05T07:32:07-07:00,emailed,2026-09-18-AM-BABA,Medium,TLI tradeable: still in buy zone after $107 Fib test; next $117. One lot under cap.
67,2026-09-18,,2026-09-25,proposed,HOOD,Stocktimus,stock+CC,112,2026-09-25,7,1,113.07,4.525,453,11307,0.040064,,0.00906,,proposed,,,,daily close under $108,Aug 13 noon Stocktimus email (was missing from CSV). Stocktimus morning email 0.04,expired,346.0,0.030601,0.00692,119.4,7.375,2026-10-05T07:32:07-07:00,emailed,2026-09-18-AM-HOOD,Medium,Danny reclaim $112.20; stock just above. Support $108/$100. One lot under cap.
68,2026-09-18,,2026-09-18,proposed,NFLX,Stocktimus,stock+CC,72,2026-09-25,7,1,72.085,1.27,127,7208.499999999999,0.017618,,0.00254,,proposed,,,,daily close under $72,Aug 13 noon Stocktimus email (was missing from CSV). Stocktimus midday email 0.0176,invalidated,97.5,0.013526,0.00195,71.145,0.01,2026-10-05T07:32:07-07:00,emailed,2026-09-18-noon-NFLX,Medium,"TLI buy if $72–$74 holds; AM was under (~$71.4), noon prints in zone."
69,2026-09-18,,2026-09-23,proposed,EOSE,Stocktimus,stock+CC,4,2026-09-25,7,1,3.94,0.165,16,394,0.040609,,0.00032,,proposed,,,,daily close under $3.80,Aug 13 noon Stocktimus email (was missing from CSV). Stocktimus midday email 0.0419,invalidated,-20.0,-0.050761,-0.0004,3.165,0.01,2026-10-05T07:32:07-07:00,emailed,2026-09-18-noon-EOSE,Medium,Rabbit's Cave: $3.80 weekly / $3.91 cloud-Fib / ~$3.88 purple support; stock at the shelf.
2026-09-21-noon-MRAM,2026-09-21,,,proposed,MRAM,TLI,stock+CC,17.5,2026-10-16,,,17.17,,135,1717,,,,,proposed,,,,daily close under $16.35,Oct16 monthly CC; hold $16.35 / target $20.87,open,102.0,0.059406,0.000408,18.39,1.55,2026-10-05T07:32:07-07:00,emailed,2026-09-21-noon-MRAM,Medium,TLI hold above $16.35 toward $20.87. No weeklies; next monthly. One lot under cap.
2026-09-22-noon-GRRR,2026-09-22,2026-09-22,2026-09-25,proposed,GRRR,TLI,stock+CC,14,2026-09-25,3,1,13.95,0.45,45,1395,,,,,proposed,,,,daily close under $13.56 (MA confluence),,expired,50.0,0.035842,0.001,14.01,0.55,2026-10-05T07:32:07-07:00,emailed,2026-09-22-noon-GRRR,Medium,TLI breakout above $13.56–$13.70 50/200-day MA confluence; Wave 3 confirm $16.50 / Bull $18.20. One lot fits remaining cash.
70,2026-09-28,2026-09-28,,proposed,RKLB,Danny,stock+CC,75.0,2026-10-02,4,1,73.21,1.4,140.0,7320.999999999999,0.01912307061876793,0.03346537358284388,0.0028,,proposed,,,,daily close under $65 or leave $68-$74 accumulation thesis,Buy 100 + sell Oct2 $75c. Credit mid 1.40 (RH mark). Stock ~$73.21 proxy 2026-09-28 07:42 PT. ~3.3%/wk on cash. Danny buy order through week. Confidence: Medium — Danny Tier3 accumulate $68-$74 this week; single feed; in zone.,open,102.0,0.059406,0.000408,18.39,1.55,2026-10-05T07:32:07-07:00,,,,
71,2026-09-28,2026-09-28,2026-09-24,proposed,MKC,TLI,stock+CC,50.0,2026-10-16,18,1,48.425,1.0,100.0,4842.5,0.020650490449148167,0.008030746285779843,0.002,,proposed,,,,daily close under $41 (leave buy zone),Buy 100 + sell Oct16 $50c (no weeklies). Credit mid 1.00 (RH mark). Stock ~$48.42 proxy 2026-09-28 07:42 PT. ~0.8%/wk equiv on cash. Confidence: Medium — TLI BUY ZONE $41-$57; no weeklies so next monthly; in zone.,invalidated,60.0,0.012693,0.0012,44.125,0.01,2026-10-05T07:32:07-07:00,,,,
72,2026-09-28,2026-09-28,2026-09-28,proposed,SE,TLI,stock+CC,102.0,2026-10-02,4,1,98.45,1.01,101.0,9845.0,0.010259014728288472,0.017953275774504826,0.00202,,proposed,,,,daily close under $95 or TLI cancels $98 add,ROLL leftover from 2026-09-18-AM-SE. Sell Oct2 $102c credit mid 1.01 (RH mark). Stock ~$98.45 proxy 2026-09-28 07:42 PT. capital_at_risk=0 (share capital on parent). Confidence: Medium — TLI $98 5th buy/add still live; roll leftover Sep25 OTM shares.,out,-39.0,-0.005339,-0.000156,71.55,0.0,2026-10-05T07:32:07-07:00,,,,
2026-09-29-noon-AMZN,2026-09-29,2026-09-29,,proposed,AMZN,The Long Investor,stock+CC,250.0,2026-10-02,3,1,248.52,1.85,185.0,24852.0,,1.7,,,,,,,daily close leaves TLI 200 WMA buy zone / under $235,"Buy 100 + sell Oct2 $250c. Credit mid 1.85 (proxy). Stock mid $248.52 proxy 2026-09-29T12:24:12-07:00. ~1.7%/wk on cash. TLI clear BUY at/below 200 WMA; Wave5 $573. RH crosscheck stock mid ~247.305, call mid ~1.845.",open,,,,248.52,1.85,,emailed,,Medium,TLI alone — clear BUY at/below 200 WMA (Wave1 2021 retest); no Danny overlap.
2026-09-29-noon-NU,2026-09-29,2026-09-29,,proposed,NU,The Long Investor,stock+CC,12.5,2026-10-02,3,1,12.385,0.13,13.0,1238.5,,2.4,,,,,,,daily close leaves TLI buy zone / under $11.00,"Buy 100 + sell Oct2 $12.50c. Credit mid 0.13 (proxy). Stock mid $12.38 proxy 2026-09-29T12:24:12-07:00. ~2.4%/wk on cash. TLI load-the-boat zone; target $31. RH crosscheck stock mid ~12.385, call mid ~0.16.",open,,,,12.385,0.13,,emailed,,Medium,TLI alone — load-the-boat buy zone after acquisition selloff; confluence zone; no Danny overlap.
2026-09-30-noon-APP,2026-09-30,2026-09-30,2026-10-05,proposed,APP,The Long Investor,stock+CC,295,2026-10-02,2,1,291.79,4.15,415,29179,1.42,,0.16,,out,,,,,,out,-289.0,-0.009904,-0.001156,284.75,,2026-10-05T07:38:06-07:00,,,,
2026-09-30-noon-OSCR,2026-09-30,2026-09-30,,proposed,OSCR,The Long Investor,stock+CC,31,2026-10-02,2,1,30.86,0.66,66,3086,2.14,,0.03,,,,,,,,,,,,,,,,,,
2026-10-01,AM,NBIS,Danny,stock+CC,235,2026-10-09,229.215,7.925,792.5,22921.5,Medium,paper,proposed,Danny Tier3 + Sandeman,,,,,,,,,,,,,,,,,,,,,,
2026-10-01,AM,INTC,Danny,stock+CC,120,2026-10-09,118.67,3.9,390.0,11867.0,Medium,paper,proposed,Danny constructive,,,,,,,,,,,,,,,,,,,,,,
2026-10-01,AM,LMND,Danny,stock+CC,48,2026-10-09,45.595,0.675,67.5,4559.5,Medium,paper,proposed,Danny above $43,,,,,,,,,,,,,,,,,,,,,,
2026-10-02-AM-SE,2026-10-02,2026-10-02,,proposed,SE,TLI,stock+CC,100.0,2026-10-09,,,,0.825,,0.0,,,,,,,,,,ROLL leftover from 2026-09-18-AM-SE (Oct2 $102c expires today). Sell Oct9 $100c credit mid 0.825 (RH mark; proxy OCC 0.70). Stock mid $95.37 proxy 2026-10-02 07:33 PT. capital_at_risk=0 (share capital on parent). TLI $93 next low-risk / Wave targets $109+.,open,,,,,,,,,Medium,
2026-10-02-AM-HIMS,2026-10-02,2026-10-02,,proposed,HIMS,Stocktimus,stock+CC,31.0,2026-10-09,,,,0.75,,0.0,,,,,,,,,,ROLL leftover from 2026-09-11-noon-HIMS (Oct2 $30c expires today). Sell Oct9 $31c credit mid 0.75 (RH mark; proxy OCC 0.56). Stock mid $30.38 proxy 2026-10-02 07:33 PT. capital_at_risk=0 (share capital on parent).,open,,,,,,,,,Medium,
2026-10-05-AM-RKLB,2026-10-05,2026-10-05,,proposed,RKLB,Danny,stock+CC,73.0,2026-10-09,4,1,72.585,2.08,208.0,0.0,,,0.000832,,open,,,,daily close under $65 or leave $68–$74 accumulation thesis,ROLL leftover from 2026-09-28-AM-RKLB. Sell Oct9 $73c credit mid 2.08 (RH mid; bid/ask midpoint). Stock mid $72.585 RH 2026-10-05T07:38:06-07:00. capital_at_risk=0 (share capital on parent). Lane=paper. No live.,open,0.0,,0.0,72.585,2.08,2026-10-05T07:38:06-07:00,emailed,2026-10-05-AM-RKLB,Medium,Danny Tier3 buy order $68–$74; roll leftover after Oct2 CC; Medium single-feed at zone.
2026-10-05-AM-ASTS,2026-10-05,2026-10-05,,proposed,ASTS,TLI,stock+CC,60.0,2026-10-09,4,1,58.59,1.41,141.0,0.0,,,0.000564,,open,,,,daily close under $55 or leave TLI follow thesis,ROLL leftover from 2026-09-29-AM-ASTS. Sell Oct9 $60c credit mid 1.41 (RH mid; bid/ask midpoint). Stock mid $58.59 RH 2026-10-05T07:38:06-07:00. capital_at_risk=0 (share capital on parent). Lane=paper. No live.,open,0.0,,0.0,58.59,1.41,2026-10-05T07:38:06-07:00,emailed,2026-10-05-AM-ASTS,Medium,TLI SPCX post: ASTS will follow; roll leftover Oct9 $60c; Medium single-feed.
2026-10-05-AM-BABA,2026-10-05,2026-10-05,,proposed,BABA,TLI,stock+CC,109.0,2026-10-09,4,1,109.02,1.985,198.5,0.0,,,0.000794,,open,,,,daily close under $104 / leave 200-week MA bounce thesis,ROLL leftover from 2026-09-29-AM-BABA. Sell Oct9 $109c credit mid 1.985 (RH mid; bid/ask midpoint). Stock mid $109.02 RH 2026-10-05T07:38:06-07:00. capital_at_risk=0 (share capital on parent). Lane=paper. No live.,open,0.0,,0.0,109.02,1.985,2026-10-05T07:38:06-07:00,emailed,2026-10-05-AM-BABA,Medium,TLI bouncing on 200-week MA; roll leftover Oct9 $109c; Medium.
2026-10-05-AM-DRAM,2026-10-05,2026-10-05,,proposed,DRAM,Danny,stock+CC,62.0,2026-10-09,4,1,61.825,1.24,124.0,0.0,,,0.000496,,open,,,,daily close under $57 (leave Danny $60/$57 supports),ROLL leftover from 2026-09-30-AM-DRAM. Sell Oct9 $62c credit mid 1.24 (RH mid; bid/ask midpoint). Stock mid $61.825 RH 2026-10-05T07:38:06-07:00. capital_at_risk=0 (share capital on parent). Lane=paper. No live.,open,0.0,,0.0,61.825,1.24,2026-10-05T07:38:06-07:00,emailed,2026-10-05-AM-DRAM,Medium,Danny uptrend intact; roll leftover Oct9 $62c; Medium single-feed.
2026-10-05-AM-HOOD,2026-10-05,2026-10-05,,proposed,HOOD,Danny,stock+CC,115.0,2026-10-09,4,1,113.535,2.265,226.5,0.0,,,0.000906,,open,,,,daily close under $104,ROLL leftover from 2026-09-30-AM-HOOD. Sell Oct9 $115c credit mid 2.265 (RH mid; bid/ask midpoint). Stock mid $113.535 RH 2026-10-05T07:38:06-07:00. capital_at_risk=0 (share capital on parent). Lane=paper. No live.,open,0.0,,0.0,113.535,2.265,2026-10-05T07:38:06-07:00,emailed,2026-10-05-AM-HOOD,Medium,Danny pullback-add; roll leftover Oct9 $115c; Medium single-feed.
2026-10-05-AM-OSCR,2026-10-05,2026-10-05,,proposed,OSCR,Danny+TLI,stock+CC,32.0,2026-10-09,4,1,31.475,0.825,82.5,0.0,,,0.00033,,open,,,,daily close under $27.08,ROLL leftover from 2026-09-30-noon-OSCR. Sell Oct9 $32c credit mid 0.825 (RH mid; bid/ask midpoint). Stock mid $31.475 RH 2026-10-05T07:38:06-07:00. capital_at_risk=0 (share capital on parent). Lane=paper. No live.,open,0.0,,0.0,31.475,0.825,2026-10-05T07:38:06-07:00,emailed,2026-10-05-AM-OSCR,Medium,Danny 11 new bullish signals list + TLI; roll leftover Oct9 $32c; Medium.
2026-10-05-AM-SLV,2026-10-05,2026-10-05,,proposed,SLV,TLI,stock+CC,55.5,2026-10-09,4,10,55.055,0.575,575.0,55055.0,0.0104,,0.0023,,open,,,,leave TLI silver buy / key level thesis (silver ~$61–$62),Buy 1000 SLV + sell 10x Oct9 $55.5c (ATM at/just above). Credit mid 0.575 ×10 = $575.0 (RH mid). Stock mid $55.055 RH 2026-10-05T07:38:06-07:00. Ticket % 1.04% on cash to expiry (not annualized). Lane=paper. No live.,open,0.0,0.0,0.0,55.055,0.575,2026-10-05T07:38:06-07:00,emailed,2026-10-05-AM-SLV,Medium,"Single-feed TLI at zone — 'Silver is a Buy right now… We have added' (key level $61 silver, now $62)."
2026-10-05-AM-NU,2026-10-05,2026-10-05,,proposed,NU,TLI,stock+CC,15.5,2026-10-09,4,10,15.365,0.345,345.0,15365.0,0.0225,,0.00138,,open,,,,daily close under 50-week MA ~$14.97 / leave bull case above $16,Buy 1000 NU + sell 10x Oct9 $15.5c. Credit mid 0.345 ×10 = $345.0 (RH mid). Stock mid $15.365 RH 2026-10-05T07:38:06-07:00. Ticket % 2.25% on cash to expiry (not annualized). Lane=paper. No live.,open,0.0,0.0,0.0,15.365,0.345,2026-10-05T07:38:06-07:00,emailed,2026-10-05-AM-NU,Medium,TLI 50-week MA $14.97; bull case above $16; re-entry after Fri $12.50 call-away; Medium single-feed.
2026-10-05-noon-SE,2026-10-05,2026-10-05,,proposed,SE,TLI,stock+CC,98.0,2026-10-09,4,5,97.17,1.59,795.0,48585.0,0.0164,,0.00309,,open,,,,daily close under $93 (bottom of TLI aggressive add range / 200 WMA),Buy 500 SE + sell 5x Oct9 $98c. Credit mid 1.59 x5 = $795.0 (RH mid). Stock mid $97.17 RH 2026-10-05T12:20:33-07:00. Ticket % 1.64% on cash to expiry (not annualized). Lane=paper. No live.,open,0.0,0.0,0.0,97.17,1.59,2026-10-05T12:20:33-07:00,emailed,2026-10-05-noon-SE,Medium,"TLI feed + Announcements (same creator): '$SE is still a buy, in the buy zone… $94–$98 a very nice area to add… considering one more buy'; stock $97.17 inside zone; single-feed Medium. Adds to existing 100-sh leftover (total SE ~$58k < 25% cap)."
